order_id,customer_id,product_id,quantity,order_date
1001,1,101,1,2026-01-05
1002,2,102,2,2026-01-08
1003,3,103,1,2026-01-12
1004,4,105,2,2026-01-15
1005,1,104,1,2026-01-20
1006,2,106,1,2026-02-03
1007,3,102,3,2026-02-10
1008,4,101,1,2026-02-14
1009,5,105,4,2026-02-18
1010,1,106,1,2026-02-25
1011,6,108,1,2026-03-02
1012,7,107,2,2026-03-07
1013,8,112,1,2026-03-12
1014,9,101,1,2026-03-18
1015,10,110,1,2026-03-25
1016,11,109,2,2026-04-01
1017,12,103,2,2026-04-05
1018,1,108,1,2026-04-10
1019,2,111,3,2026-04-15
1020,3,104,2,2026-04-20
1021,4,106,2,2026-05-02
1022,5,110,1,2026-05-08
1023,6,101,1,2026-05-15
1024,7,102,5,2026-05-20
1025,8,105,1,2026-05-28
1026,9,108,1,2026-06-03
1027,10,112,1,2026-06-10
1028,11,104,1,2026-06-15
1029,12,106,2,2026-06-22
1030,1,101,1,2026-06-30
1031,2,107,2,2026-07-05
1032,3,110,1,2026-07-12
1033,4,109,1,2026-07-18
1034,5,108,1,2026-07-25
1035,6,102,4,2026-08-02
1036,7,103,2,2026-08-10
1037,8,101,1,2026-08-16
1038,9,112,2,2026-08-22
1039,10,105,3,2026-09-01
1040,11,108,1,2026-09-08
1041,12,111,2,2026-09-15
1042,1,110,1,2026-09-20
1043,3,101,1,2026-09-22
1044,6,104,1,2026-09-25
